{"data":[[80,123,0.6600000000000001],[80,124,0.6600000000000001],[80,125,0.6600000000000001],[80,126,0.6600000000000001],[80,127,0.6600000000000001],[80,128,0.6600000000000001],[80,129,0.6600000000000001],[80,130,0.6100000000000001],[80,130,0.6600000000000001],[80,131,0.5900000000000001],[80,131,0.6100000000000001],[80,131,0.6600000000000001],[80,131,0.6700000000000002],[80,132,0.6100000000000001],[80,132,0.6600000000000001],[80,132,0.6700000000000002],[80,133,0.6100000000000001],[80,133,0.6300000000000001],[80,133,0.6700000000000002],[80,134,0.5900000000000001],[80,134,0.6100000000000001],[80,134,0.6700000000000002],[80,135,0.6100000000000001],[80,135,0.6700000000000002],[80,136,0.6100000000000001],[80,137,0.6100000000000001],[80,138,0.6100000000000001],[80,139,0.6100000000000001],[80,140,0.6100000000000001],[80,140,0.6600000000000001],[80,140,0.6700000000000002],[80,141,0.61],[80,141,0.66],[80,142,0.6100000000000001],[90,142,0.6200000000000001],[80,142,0.6600000000000001],[80,142,0.6700000000000002],[80,142,0.6800000000000002],[80,142,0.6900000000000002],[80,143,0.6100000000000001],[90,143,0.6200000000000001],[80,144,0.6100000000000001],[90,144,0.6200000000000001],[80,144,0.6300000000000001],[80,144,0.6700000000000002],[80,144,0.6800000000000002],[80,144,0.6900000000000002],[80,145,0.6100000000000001],[90,145,0.6200000000000001],[80,145,0.6700000000000002],[90,145,0.6800000000000002],[80,145,0.6900000000000002],[80,146,0.61],[90,146,0.62],[80,146,0.66],[80,146,0.67],[80,146,0.68],[80,146,0.6900000000000001],[80,147,0.61],[80,147,0.67],[80,148,0.61],[80,148,0.66],[80,149,0.61],[90,149,0.66],[90,149,0.67],[80,150,0.61],[80,150,0.62],[80,150,0.63],[80,150,0.66],[80,151,0.62],[80,151,0.63],[80,151,0.66],[80,151,0.67],[80,152,0.62],[80,152,0.63],[80,152,0.64],[80,152,0.66],[80,153,0.62],[80,153,0.63],[90,153,0.66],[80,154,0.61],[80,154,0.63],[90,154,0.66],[80,155,0.61],[80,155,0.63],[90,155,0.66],[80,156,0.66],[80,157,0.66],[80,157,0.67],[90,158,0.61],[80,158,0.66],[80,158,0.67],[90,159,0.61],[80,159,0.66],[80,159,0.67],[90,160,0.61],[80,160,0.66],[80,161,0.61],[80,162,0.61],[80,163,0.61],[80,167,0.7100000000000001],[90,168,0.7000000000000001],[80,168,0.7100000000000001],[90,169,0.7000000000000001],[80,169,0.7100000000000001],[80,177,0.7100000000000001],[90,178,0.7100000000000001],[80,178,0.7200000000000001],[80,180,0.7300000000000001]],"under80":1865,"over80":109}