{"data":[[80,180,0.05],[90,190,0.05],[100,190,0.15000000000000002],[90,180,0.01],[80,180,0.05],[80,180,0.060000000000000005],[80,180,0.07],[80,181,0.01],[80,181,0.02],[80,181,0.03],[80,181,0.060000000000000005],[80,181,0.07],[80,181,0.09999999999999999],[80,182,0.02],[80,182,0.05],[80,182,0.060000000000000005],[80,182,0.07],[80,182,0.08],[80,182,0.09],[80,182,0.09999999999999999],[80,182,0.10999999999999999],[80,182,0.11999999999999998],[80,182,0.12999999999999998],[80,182,0.13999999999999999],[90,183,0.01],[80,183,0.02],[80,183,0.03],[80,183,0.04],[80,183,0.05],[90,183,0.060000000000000005],[90,183,0.07],[90,183,0.08],[90,183,0.09],[90,183,0.09999999999999999],[90,183,0.10999999999999999],[90,183,0.11999999999999998],[90,183,0.12999999999999998],[90,183,0.13999999999999999],[90,183,0.15],[90,184,0.04],[90,185,0.01],[90,185,0.02],[90,185,0.03],[90,185,0.04],[90,185,0.09999999999999999],[90,185,0.10999999999999999],[90,185,0.11999999999999998],[90,185,0.12999999999999998],[90,185,0.13999999999999999],[90,185,0.15],[90,186,0.02],[90,186,0.03],[90,186,0.04],[90,186,0.05],[80,187,0.01],[80,187,0.02],[80,187,0.03],[80,187,0.04],[80,187,0.05],[80,187,0.060000000000000005],[80,187,0.07],[80,187,0.08],[80,187,0.09],[80,187,0.09999999999999999],[80,187,0.10999999999999999],[80,187,0.11999999999999998],[80,187,0.12999999999999998],[80,187,0.13999999999999999],[80,187,0.15],[80,188,0.01],[90,188,0.02],[90,188,0.03],[90,188,0.04],[90,188,0.05],[80,188,0.060000000000000005],[90,189,0.05],[80,189,0.16],[100,190,0.01],[90,190,0.02],[90,190,0.03],[90,190,0.04],[90,190,0.05],[100,190,0.15],[90,191,0.01],[90,191,0.02],[100,191,0.03],[90,191,0.04],[90,191,0.05],[90,191,0.060000000000000005],[90,191,0.07],[90,191,0.08],[90,191,0.09],[80,191,0.09999999999999999],[90,191,0.10999999999999999],[90,191,0.11999999999999998],[90,191,0.12999999999999998],[90,191,0.13999999999999999],[90,191,0.15],[80,192,0.01],[80,192,0.02],[80,192,0.03],[80,192,0.04],[80,192,0.05],[100,192,0.060000000000000005],[100,192,0.07],[100,192,0.08],[100,192,0.09],[100,192,0.09999999999999999],[100,192,0.10999999999999999],[100,192,0.11999999999999998],[100,192,0.12999999999999998],[90,192,0.13999999999999999],[90,192,0.15],[90,192,0.16],[90,193,0.01],[90,193,0.04],[90,193,0.05],[100,194,0.01],[80,194,0.17],[90,195,0.01],[100,195,0.03],[90,197,0.01],[80,205,0.01],[80,208,0.01]],"over80":124,"under80":1072}